id,username,password,first_name,last_name,age,email
27698,jasmineknapp,hg4qo5fq,Jasmine,Knapp,150,akash@gmail.com
51711,jenniferstewart,ogo7ij77,Jennifer,Stewart,57,varsha@gmail.com
75629,danielblankenship,9l1wwbpj,Akash,Blankenship,60,akashh@gmail.com
89106,richardmedina,wbz0flht,Richard,Medina,51,richardmedina@gmail.com
98897,jamesgreen,eexl48wc,James,Green,5,jan@gmail.com
29400,kennethcole,7nqe3l60,Kenneth,Cole,49,kennethcole@gmail.com
48319,tracygregory,dczxxb9n,Tracy,Gregory,57,tracygregory@gmail.com
29288,stephenwright,n4ni419z,Stephen,Wright,68,stephenwright@gmail.com
90918,jonathanpatterson,17fvp4bp,Jonathan,Patterson,18,jonathanpatterson@gmail.com
20840,aaronray,22bfvxue,Aaron,Ray,64,aaron@mail.com
20430,patrickdelgado,m7p9l8yk,username added,Delgado,55,patri@gmail.com
63840,williamsantiago,2456987456123124578956235,William,Santiago,25,soiiiiii@gmail.com
48050,markwyatt,511111111111111111111111111111111111111111111111111111111111111111111111111111111111111111111111111111111111111111111111111111,Mark,Wyatt,46,m@gmail.com
48050,markwyatt,iuiuiibniiknknk,Ben,10,25,ben10@gmail.com
48050,markwyatt,iuookokokiuiibniiknknk,sony,live,25,sonylive@gmail.com
